"0","library(tidyverse)"
"2","Registered S3 method overwritten by 'dplyr':
  method           from
  print.rowwise_df     
"
"2","[30m-- [1mAttaching packages[22m --------------------------------------- tidyverse 1.2.1 --[39m
"
"2","[30m[32mv[30m [34mggplot2[30m 3.2.1     [32mv[30m [34mpurrr  [30m 0.3.2
[32mv[30m [34mtibble [30m 2.1.3     [32mv[30m [34mdplyr  [30m 0.8.3
[32mv[30m [34mtidyr  [30m 1.0.0     [32mv[30m [34mstringr[30m 1.4.0
[32mv[30m [34mreadr  [30m 1.3.1     [32mv[30m [34mforcats[30m 0.4.0[39m
"
"2","[30m-- [1mConflicts[22m ------------------------------------------ tidyverse_conflicts() --
[31mx[30m [34mdplyr[30m::[32mfilter()[30m masks [34mstats[30m::filter()
[31mx[30m [34mdplyr[30m::[32mlag()[30m    masks [34mstats[30m::lag()[39m
"
"0","library(leaps)"
"0","library(ggplot2)"
"0","library(ISLR)"
"0","library(glmnet)"
"2","Loading required package: Matrix
"
"2","
Attaching package: ‘Matrix’

"
"2","The following objects are masked from ‘package:tidyr’:

    expand, pack, unpack

"
"2","Loading required package: foreach
"
"2","
Attaching package: ‘foreach’

"
"2","The following objects are masked from ‘package:purrr’:

    accumulate, when

"
"2","Loaded glmnet 2.0-18

"
"0","library(caret)"
"2","Loading required package: lattice
"
"2","Registered S3 method overwritten by 'data.table':
  method           from
  print.data.table     
"
"2","
Attaching package: ‘caret’

"
"2","The following object is masked from ‘package:purrr’:

    lift

"
"0","library(rsample)"
"0","library(dplyr)"
"0","library(gvlma)"
"0","library(car)"
"2","Loading required package: carData
"
"2","
Attaching package: ‘car’

"
"2","The following object is masked from ‘package:dplyr’:

    recode

"
"2","The following object is masked from ‘package:purrr’:

    some

"
"0","library(GGally)"
"2","Registered S3 method overwritten by 'GGally':
  method from   
  +.gg   ggplot2
"
"2","
Attaching package: ‘GGally’

"
"2","The following object is masked from ‘package:dplyr’:

    nasa

"
"0","library(corrplot)"
"2","corrplot 0.84 loaded
"
"0","library(PerformanceAnalytics)"
"2","Loading required package: xts
"
"2","Loading required package: zoo
"
"2","
Attaching package: ‘zoo’

"
"2","The following objects are masked from ‘package:base’:

    as.Date, as.Date.numeric

"
"2","Registered S3 method overwritten by 'xts':
  method     from
  as.zoo.xts zoo 
"
"2","
Attaching package: ‘xts’

"
"2","The following objects are masked from ‘package:dplyr’:

    first, last

"
"2","
Attaching package: ‘PerformanceAnalytics’

"
"2","The following object is masked from ‘package:graphics’:

    legend

"
